"Project","Sample_ID","Description","Barcode","# Reads","% Reads","% Perfect Index Reads","% One Mismatch Index Reads"
"7570-SB","7570-SB-1_CACTGTAG-AGTCGCTT","1","CACTGTAG-AGTCGCTT",176202728,1.418,100,0
"7570-SB","7570-SB-10_TGATAGGC-ACTCAGAC","10","TGATAGGC-ACTCAGAC",109457465,0.882,100,0
"7570-SB","7570-SB-11_AACACCAC-CTCACACC","11","AACACCAC-CTCACACC",108372539,0.875,100,0
"7570-SB","7570-SB-12_ACCTCTTC-TATGCAAG","12","ACCTCTTC-TATGCAAG",107594562,0.867,100,0
"7570-SB","7570-SB-13_GTCCGATC-GGATTGGC","13","GTCCGATC-GGATTGGC",109310132,0.882,100,0
"7570-SB","7570-SB-14_GAGGACCA-ACCGGCAT","14","GAGGACCA-ACCGGCAT",135395726,1.09,100,0
"7570-SB","7570-SB-15_CGCTCTTA-ACGGTATG","15","CGCTCTTA-ACGGTATG",124844908,1.002,100,0
"7570-SB","7570-SB-16_CTGAGCTC-GCTCTGAT","16","CTGAGCTC-GCTCTGAT",101784650,0.82,100,0
"7570-SB","7570-SB-17_ACGAATCC-TGGGTAAT","17","ACGAATCC-TGGGTAAT",122460842,0.988,100,0
"7570-SB","7570-SB-18_GTCTGAGT-CACAAGTC","18","GTCTGAGT-CACAAGTC",116184326,0.938,100,0
"7570-SB","7570-SB-19_CCTAAACT-CTCCTCGT","19","CCTAAACT-CTCCTCGT",94955666,0.765,100,0
"7570-SB","7570-SB-2_GTGCACGA-GCCTATCA","2","GTGCACGA-GCCTATCA",111983949,0.9,100,0
"7570-SB","7570-SB-20_TGTCACAC-CGAGATTA","20","TGTCACAC-CGAGATTA",112678865,0.91,100,0
"7570-SB","7570-SB-21_GATATGAA-CTGCCGTA","21","GATATGAA-CTGCCGTA",103105714,0.83,100,0
"7570-SB","7570-SB-22_AAGTGTGG-GATGGGCA","22","AAGTGTGG-GATGGGCA",110818293,0.892,100,0
"7570-SB","7570-SB-23_GTTGGCGT-GACTGCTG","23","GTTGGCGT-GACTGCTG",115112776,0.93,100,0
"7570-SB","7570-SB-24_TAGCTGGC-AGCCGGTA","24","TAGCTGGC-AGCCGGTA",125640810,1.012,100,0
"7570-SB","7570-SB-25_ATTACCCA-CTACAGTG","25","ATTACCCA-CTACAGTG",107188905,0.863,100,0
"7570-SB","7570-SB-26_GACTTGTG-TCGTGCAC","26","GACTTGTG-TCGTGCAC",99230312,0.8,100,0
"7570-SB","7570-SB-27_CAGGTAAG-ATTTCGAG","27","CAGGTAAG-ATTTCGAG",130960094,1.055,100,0
"7570-SB","7570-SB-28_AAGGAGAC-GTTGTGAG","28","AAGGAGAC-GTTGTGAG",107094091,0.863,100,0
"7570-SB","7570-SB-29_AGTCAGGT-GTGGTTAC","29","AGTCAGGT-GTGGTTAC",102357607,0.823,100,0
"7570-SB","7570-SB-3_ATGTTCCT-GGCGCTGA","3","ATGTTCCT-GGCGCTGA",95771904,0.772,100,0
"7570-SB","7570-SB-30_ACCGTAAG-TGGATATG","30","ACCGTAAG-TGGATATG",119223164,0.963,100,0
"7570-SB","7570-SB-31_TATGACGT-GATTAGCG","31","TATGACGT-GATTAGCG",109145963,0.88,100,0
"7570-SB","7570-SB-32_TTGGGTAC-GTTGGAAG","32","TTGGGTAC-GTTGGAAG",114738838,0.923,100,0
"7570-SB","7570-SB-33_TTCAATAG-TCGTGGGA","33","TTCAATAG-TCGTGGGA",140956335,1.135,100,0
"7570-SB","7570-SB-34_GTTTGCTC-CTGTTGGT","34","GTTTGCTC-CTGTTGGT",106921029,0.863,100,0
"7570-SB","7570-SB-35_AGAAGCCT-ATACTGAC","35","AGAAGCCT-ATACTGAC",132102199,1.065,100,0
"7570-SB","7570-SB-36_CTAGGTTG-GCTCGAAT","36","CTAGGTTG-GCTCGAAT",123100450,0.992,100,0
"7570-SB","7570-SB-37_TGTGTCAG-TACAGGTG","37","TGTGTCAG-TACAGGTG",150660793,1.215,100,0
"7570-SB","7570-SB-38_AGAACCAG-AGAGTCGG","38","AGAACCAG-AGAGTCGG",126640747,1.018,100,0
"7570-SB","7570-SB-39_ATTGGACA-TCCAGCAA","39","ATTGGACA-TCCAGCAA",105332897,0.85,100,0
"7570-SB","7570-SB-4_CATTATGG-ATGTGACT","4","CATTATGG-ATGTGACT",109597923,0.885,100,0
"7570-SB","7570-SB-40_ACCCGTTG-CGAAGCTG","40","ACCCGTTG-CGAAGCTG",133149970,1.072,100,0
"7570-SB","7570-SB-41_ACCGGAGT-CCTTCCTT","41","ACCGGAGT-CCTTCCTT",124926247,1.005,100,0
"7570-SB","7570-SB-42_CTTGACGA-TTGTGTGC","42","CTTGACGA-TTGTGTGC",109804124,0.885,100,0
"7570-SB","7570-SB-43_GCCACGAC-ACCCGAGG","43","GCCACGAC-ACCCGAGG",131789424,1.062,100,0
"7570-SB","7570-SB-44_TCTGGAAC-AGGTGCTA","44","TCTGGAAC-AGGTGCTA",121768373,0.98,100,0
"7570-SB","7570-SB-45_CACTAGAC-AGTCCTCA","45","CACTAGAC-AGTCCTCA",111383751,0.898,100,0
"7570-SB","7570-SB-46_TTGCGTTA-TTCGGGAA","46","TTGCGTTA-TTCGGGAA",114185397,0.923,100,0
"7570-SB","7570-SB-47_CCTATGCA-ATCGACTC","47","CCTATGCA-ATCGACTC",105239714,0.848,100,0
"7570-SB","7570-SB-48_CAACCGAG-CACAGGTA","48","CAACCGAG-CACAGGTA",120843853,0.973,100,0
"7570-SB","7570-SB-49_TGTTCGCC-TCCTACCT","49","TGTTCGCC-TCCTACCT",111071660,0.892,100,0
"7570-SB","7570-SB-5_TCTTGTTT-GTGAAAGG","5","TCTTGTTT-GTGAAAGG",116800231,0.938,100,0
"7570-SB","7570-SB-50_ACAAGGCA-TTGCGCGA","50","ACAAGGCA-TTGCGCGA",115894155,0.935,100,0
"7570-SB","7570-SB-51_TCAGCGCC-AGGAACAT","51","TCAGCGCC-AGGAACAT",113495797,0.915,100,0
"7570-SB","7570-SB-52_AGTCACAT-CCATAATG","52","AGTCACAT-CCATAATG",118050144,0.95,100,0
"7570-SB","7570-SB-53_CCTTTCAC-AAACAAGA","53","CCTTTCAC-AAACAAGA",102316545,0.823,100,0
"7570-SB","7570-SB-54_CTTTCCCT-AGTAAGCC","54","CTTTCCCT-AGTAAGCC",118942677,0.96,100,0
"7570-SB","7570-SB-55_GACAATTC-CATATCGT","55","GACAATTC-CATATCGT",94581666,0.76,100,0
"7570-SB","7570-SB-56_ACACGACT-CTGCGGAT","56","ACACGACT-CTGCGGAT",123146677,0.992,100,0
"7570-SB","7570-SB-57_CCTGTCAA-ACAGCCAT","57","CCTGTCAA-ACAGCCAT",121383087,0.975,100,0
"7570-SB","7570-SB-58_CCATCCGC-TACGCCTT","58","CCATCCGC-TACGCCTT",107418303,0.865,100,0
"7570-SB","7570-SB-59_GGTGTGAG-GTGGTGTT","59","GGTGTGAG-GTGGTGTT",118837899,0.958,100,0
"7570-SB","7570-SB-6_GGCTTACT-AGGGAAAG","6","GGCTTACT-AGGGAAAG",116153456,0.935,100,0
"7570-SB","7570-SB-60_CTTGCATA-GAAGAGGT","60","CTTGCATA-GAAGAGGT",103795743,0.835,100,0
"7570-SB","7570-SB-61_GCCAATCC-GATCGGAC","61","GCCAATCC-GATCGGAC",104603999,0.84,100,0
"7570-SB","7570-SB-62_ATGCCGGT-TGGTCCTC","62","ATGCCGGT-TGGTCCTC",115324543,0.93,100,0
"7570-SB","7570-SB-63_CATACCGT-TAAGAGCG","63","CATACCGT-TAAGAGCG",111178531,0.895,100,0
"7570-SB","7570-SB-64_ATCAGAGC-GAGCTCAG","64","ATCAGAGC-GAGCTCAG",116319901,0.935,100,0
"7570-SB","7570-SB-65_ATGGCTGT-TTGACAGG","65","ATGGCTGT-TTGACAGG",114873467,0.925,100,0
"7570-SB","7570-SB-66_AAGGCGTA-GCGGATGG","66","AAGGCGTA-GCGGATGG",76014436,0.61,100,0
"7570-SB","7570-SB-67_ACGAGGAG-AGTTTAGG","67","ACGAGGAG-AGTTTAGG",101219409,0.815,100,0
"7570-SB","7570-SB-68_TAATCTCG-GTGTGACA","68","TAATCTCG-GTGTGACA",106631077,0.86,100,0
"7570-SB","7570-SB-69_TACGGCAG-TTCATATC","69","TACGGCAG-TTCATATC",173907641,1.402,100,0
"7570-SB","7570-SB-7_ACGATATG-GAATTGTC","7","ACGATATG-GAATTGTC",95463314,0.77,100,0
"7570-SB","7570-SB-70_TGCCCATC-CCACACTT","70","TGCCCATC-CCACACTT",120401712,0.97,100,0
"7570-SB","7570-SB-71_CAGCAGTC-ACGCCAAC","71","CAGCAGTC-ACGCCAAC",104140547,0.84,100,0
"7570-SB","7570-SB-72_TACCGGCT-GCCAGCTA","72","TACCGGCT-GCCAGCTA",130478098,1.052,100,0
"7570-SB","7570-SB-73_AGGTAGGA-GGCGAACA","73","AGGTAGGA-GGCGAACA",116136686,0.935,100,0
"7570-SB","7570-SB-74_TCGCGCAA-TGCCTTGT","74","TCGCGCAA-TGCCTTGT",127037800,1.025,100,0
"7570-SB","7570-SB-75_CTCGAAAT-CTTACCTG","75","CTCGAAAT-CTTACCTG",99507298,0.8,100,0
"7570-SB","7570-SB-76_CTCACAAC-GTCTCCTT","76","CTCACAAC-GTCTCCTT",112421926,0.905,100,0
"7570-SB","7570-SB-77_GTAACCAC-ACCTGACT","77","GTAACCAC-ACCTGACT",77950769,0.628,100,0
"7570-SB","7570-SB-78_CATATCCA-CTTACGGT","78","CATATCCA-CTTACGGT",109362359,0.882,100,0
"7570-SB","7570-SB-79_CGCTAATC-ACGTCATA","79","CGCTAATC-ACGTCATA",93597033,0.755,100,0
"7570-SB","7570-SB-8_ATCCGCAG-AGTCGTGT","8","ATCCGCAG-AGTCGTGT",116011275,0.935,100,0
"7570-SB","7570-SB-81_AAGGAAGG-ACTCCGGT","81","AAGGAAGG-ACTCCGGT",109157003,0.88,100,0
"7570-SB","7570-SB-82_GCACACAA-TCGTCAAG","82","GCACACAA-TCGTCAAG",106098722,0.855,100,0
"7570-SB","7570-SB-83_GTCAGTAT-AGGCTTCT","83","GTCAGTAT-AGGCTTCT",112045511,0.905,100,0
"7570-SB","7570-SB-84_ATTCGAGC-CAACCTAG","84","ATTCGAGC-CAACCTAG",110568789,0.892,100,0
"7570-SB","7570-SB-85_CACCTGTA-CTGACACA","85","CACCTGTA-CTGACACA",102462434,0.825,100,0
"7570-SB","7570-SB-86_CCGACTCT-CTGGTTCT","86","CCGACTCT-CTGGTTCT",107087798,0.863,100,0
"7570-SB","7570-SB-87_TTGCTGGA-TGTCCAAT","87","TTGCTGGA-TGTCCAAT",109339514,0.882,100,0
"7570-SB","7570-SB-89_TCCCACGA-CTATTGAA","89","TCCCACGA-CTATTGAA",113020833,0.91,100,0
"7570-SB","7570-SB-9_AAGCGACT-GGATTCGT","9","AAGCGACT-GGATTCGT",119832155,0.965,100,0
"7570-SB","7570-SB-90_ACCAACAG-GAGCAAAC","90","ACCAACAG-GAGCAAAC",123745440,0.998,100,0
"7570-SB","7570-SB-91_CCTCGGGT-GTCGTGGC","91","CCTCGGGT-GTCGTGGC",100917838,0.815,100,0
"7570-SB","7570-SB-92_TAGCACCT-GTTCCAGA","92","TAGCACCT-GTTCCAGA",116906853,0.94,100,0
"7570-SB","7570-SB-93_TGAGGACT-GTCTAGTG","93","TGAGGACT-GTCTAGTG",117793570,0.95,100,0
"7570-SB","7570-SB-94_TTCCCGAA-TAACGCAA","94","TTCCCGAA-TAACGCAA",117803202,0.948,100,0
"7570-SB","7570-SB-95_GAGTCGAT-TGCATAGG","95","GAGTCGAT-TGCATAGG",104058152,0.838,100,0
"7570-SB","7570-SB-96_TACCTGTG-CTCGGTTG","96","TACCTGTG-CTCGGTTG",108941891,0.88,100,0
